8541GDB,21001,East Depot
3499DRA,21002,West Depot
3479DRA,21003,West Depot
3475DRA,21004,East Depot
6877BRA,21005,West Depot
3476DRA,21006,East Depot
3500DRA,21007,West Depot
3480DRA,21008,East Depot
3477DRA,21009,West Depot
6983BRA,21010,East Depot
6803BRA,21011,West Depot
6875BRA,21012,East Depot
6814BRA,21013,East Depot
6878BRA,21014,East Depot
3490DRA,21015,East Depot
3497DRA,21016,East Depot
3491DRA,21017,East Depot
6812BRA,21018,West Depot
6886BRA,21019,East Depot
6861BRA,21020,East Depot
6869BRA,21021,West Depot
6975BRA,21022,East Depot
6852BRA,21023,East Depot
6833BRA,21024,West Depot
6808BRA,21025,West Depot
6839BRA,21026,West Depot
6974BRA,21027,West Depot
6834BRA,21028,East Depot
6809BRA,21029,West Depot
6835BRA,21030,East Depot
6810BRA,21031,East Depot
6837BRA,21032,West Depot
6836BRA,21033,West Depot
6671BRA,21034,East Depot
6884BRA,21035,East Depot
6860BRA,21036,West Depot
6854BRA,21037,East Depot
6874BRA,21038,East Depot
6862BRA,21039,East Depot
6857BRA,21040,West Depot
6885BRA,21041,East Depot
6864BRA,21042,West Depot
6855BRA,21043,West Depot
6804BRA,21044,East Depot
6887BRA,21045,East Depot
6865BRA,21046,East Depot
6683BRA,21047,West Depot
6673BRA,21048,West Depot
6984BRA,21049,West Depot
6985BRA,21050,East Depot
6986BRA,21051,East Depot
6661BRA,21052,East Depot
6659BRA,21053,East Depot
6872BRA,21054,West Depot
6660BRA,21055,West Depot
6687BRA,21056,East Depot
6823BRA,21057,East Depot
6856BRA,21058,East Depot
6199BRA,21059,East Depot
6670BRA,21060,East Depot
6662BRA,21061,East Depot
6200BRA,21062,West Depot
6811BRA,21063,West Depot
6686BRA,21064,West Depot
6198BRA,21065,West Depot
6685BRA,21066,East Depot
6197BRA,21067,East Depot
6684BRA,21068,East Depot
6674BRA,21069,West Depot
6876BRA,21070,East Depot
6982BRA,21071,West Depot
6976BRA,21072,East Depot
6981BRA,21073,West Depot
6973BRA,21074,East Depot
6977BRA,21075,East Depot
6999BRA,21076,West Depot
6980BRA,21077,East Depot
6873BRA,21078,East Depot
6979BRA,21079,East Depot
6978BRA,21080,West Depot
7000BRA,21081,East Depot
6870BRA,21082,East Depot
6998BRA,21083,West Depot
6868BRA,21084,East Depot
6890BRA,21085,East Depot
6867BRA,21086,East Depot
6802BRA,21087,East Depot
6866BRA,21088,West Depot
6801BRA,21089,West Depot
6658BRA,21090,East Depot
6840BRA,21091,East Depot
6669BRA,21092,East Depot
6863BRA,21093,East Depot
6668BRA,21094,West Depot
6672BRA,21095,East Depot
6813BRA,21096,West Depot
6838BRA,21097,West Depot
6493DRA,21098,East Depot
6488DRA,21099,East Depot
6491DRA,21100,West Depot
6492DRA,21101,West Depot
6936BRA,21102,West Depot
6494DRA,21103,West Depot
6937BRA,21104,West Depot
6938BRA,21105,West Depot
6935BRA,21106,West Depot
6489DRA,21107,West Depot
6934BRA,21108,West Depot
6933BRA,21109,West Depot
6939BRA,21110,West Depot
7042TRA,21111,West Depot
7037TRA,21112,West Depot
7012TRA,21113,West Depot
7038TRA,21114,West Depot
7019TRA,21115,West Depot
7028TRA,21116,West Depot
7029TRA,21117,West Depot
7008TRA,21118,West Depot
7009TRA,21119,West Depot
7036TRA,21120,West Depot
7039TRA,21121,West Depot
7041TRA,21122,East Depot
7016TRA,21123,West Depot
7015TRA,21124,West Depot
7017TRA,21125,West Depot
7027TRA,21126,West Depot
7026TRA,21127,West Depot
7040TRA,21128,West Depot
7030TRA,21129,West Depot
7032TRA,21130,East Depot
7031TRA,21131,West Depot
7034TRA,21132,West Depot
7033TRA,21133,West Depot
7043TRA,21134,West Depot
7701TRA,21135,West Depot
7513TRA,21136,West Depot
7702TRA,21137,West Depot
7510TRA,21138,West Depot
7517TRA,21139,West Depot
7502TRA,21140,West Depot
7509TRA,21141,West Depot
7006TRA,21142,West Depot
7005TRA,21143,West Depot
7004TRA,21144,West Depot
7003TRA,21145,West Depot
7021TRA,21146,West Depot
7025TRA,21147,West Depot
7013TRA,21148,East Depot
7024TRA,21149,East Depot
7023TRA,21150,East Depot
7946TRA,21151,East Depot
7020TRA,21152,East Depot
7022TRA,21153,East Depot
8165TRA,21154,West Depot
7014TRA,21155,West Depot
7947TRA,21156,West Depot
7010TRA,21157,West Depot
7011TRA,21158,East Depot
7035TRA,21159,East Depot
7007TRA,21160,West Depot
7018TRA,21161,East Depot
7736TRA,21162,East Depot
7737TRA,21163,West Depot
7735TRA,21164,West Depot
8213TRA,21165,West Depot
7516TRA,21166,East Depot
8216TRA,21167,West Depot
8208TRA,21168,West Depot
7512TRA,21169,East Depot
8209TRA,21170,West Depot
8210TRA,21171,West Depot
8206TRA,21172,West Depot
7704TRA,21173,West Depot
8207TRA,21174,West Depot
7506TRA,21175,West Depot
8215TRA,21176,East Depot
7703TRA,21177,West Depot
7738TRA,21178,West Depot
7739TRA,21179,East Depot
7519TRA,21180,West Depot
7520TRA,21181,West Depot
9816DRA,21182,East Depot
7511TRA,21183,West Depot
7518TRA,21184,West Depot
8214TRA,21185,West Depot
7514TRA,21186,West Depot
8212TRA,21187,West Depot
7515TRA,21188,West Depot
7505TRA,21189,West Depot
7508TRA,21190,West Depot
8211TRA,21191,West Depot
7507TRA,21192,West Depot
7504TRA,21193,West Depot
6336ERA,21194,West Depot
7503TRA,21195,West Depot
7501TRA,21196,West Depot
9214ERA,21197,West Depot
5077ERA,21198,West Depot
9210ERA,21199,West Depot
9206ERA,21200,West Depot
5186ERA,21201,West Depot
5058ERA,21202,West Depot
9217ERA,21203,West Depot
5059ERA,21204,West Depot
5070ERA,21205,West Depot
5020ERA,21206,West Depot
5067ERA,21207,West Depot
5066ERA,21208,West Depot
5062ERA,21209,West Depot
5064ERA,21210,West Depot
9218ERA,21211,West Depot
9216ERA,21212,West Depot
5060ERA,21213,West Depot
5051ERA,21214,West Depot
5052ERA,21215,West Depot
5200ERA,21216,West Depot
5078ERA,21217,West Depot
5055ERA,21218,West Depot
5056ERA,21219,West Depot
5069ERA,21220,West Depot
5074ERA,21221,West Depot
5054ERA,21222,West Depot
5068ERA,21223,West Depot
5072ERA,21224,East Depot
5185ERA,21225,East Depot
9212ERA,21226,West Depot
5199ERA,21227,West Depot
9213ERA,21228,West Depot
9211ERA,21229,West Depot
5057ERA,21230,West Depot
5061ERA,21231,West Depot
5053ERA,21232,West Depot
5023ERA,21233,East Depot
5073ERA,21234,West Depot
5063ERA,21235,West Depot
5079ERA,21236,West Depot
5071ERA,21237,West Depot
5075ERA,21238,West Depot
9215ERA,21239,West Depot
5021ERA,21240,East Depot
5065ERA,21241,West Depot
5022ERA,21242,West Depot
8491VJB,32000,West Depot
3463ESA,32001,West Depot
3455ESA,32002,West Depot
8041GDB,32003,West Depot
4377DRA,32004,East Depot
4356DRA,32005,West Depot
4354DRA,32006,West Depot
4371DRA,32007,West Depot
4366DRA,32008,West Depot
4363DRA,32009,West Depot
3937DRA,32010,West Depot
4365DRA,32011,West Depot
4357DRA,32012,West Depot
4378DRA,32013,East Depot
4380DRA,32014,West Depot
4355DRA,32015,West Depot
4287DRA,32016,West Depot
3938DRA,32017,East Depot
3327DRA,32018,West Depot
3386DRA,32019,West Depot
3305DRA,32020,East Depot
4289DRA,32021,West Depot
3325DRA,32022,East Depot
3309DRA,32023,West Depot
3324DRA,32024,East Depot
4368DRA,32025,West Depot
3323DRA,32026,West Depot
3307DRA,32027,East Depot
3344DRA,32028,West Depot
3322DRA,32029,West Depot
3326DRA,32030,West Depot
3363DRA,32031,West Depot
4353DRA,32032,West Depot
4370DRA,32033,West Depot
4373DRA,32034,West Depot
4372DRA,32035,East Depot
3346DRA,32036,West Depot
4369DRA,32037,West Depot
4361DRA,32038,West Depot
4359DRA,32039,West Depot
3345DRA,32040,West Depot
4375DRA,32041,East Depot
4367DRA,32042,West Depot
4379DRA,32043,West Depot
3308DRA,32044,West Depot
3362DRA,32045,West Depot
3914DRA,32046,West Depot
3916DRA,32047,West Depot
3365DRA,32048,West Depot
3396DRA,32049,West Depot
3918DRA,32050,West Depot
3364DRA,32051,East Depot
3385DRA,32052,East Depot
6428DRA,32053,East Depot
3384DRA,32054,East Depot
4374DRA,32055,East Depot
4364DRA,32056,West Depot
3399DRA,32057,West Depot
4360DRA,32058,East Depot
4352DRA,32059,West Depot
3814DRA,32060,West Depot
3397DRA,32061,East Depot
3917DRA,32062,East Depot
4381DRA,32063,West Depot
3304DRA,32064,East Depot
3347DRA,32065,West Depot
3940DRA,32066,East Depot
4358DRA,32067,East Depot
3939DRA,32068,East Depot
4288DRA,32069,East Depot
3306DRA,32070,West Depot
4351DRA,32071,West Depot
3816DRA,32072,West Depot
3915DRA,32073,East Depot
3383DRA,32074,East Depot
3815DRA,32075,East Depot
3382DRA,32076,East Depot
3398DRA,32077,West Depot
3387DRA,32078,West Depot
4376DRA,32079,West Depot
3512DRA,32080,East Depot
3836DRA,32081,West Depot
3813DRA,32082,West Depot
3818DRA,32083,East Depot
3835DRA,32084,East Depot
3834DRA,32085,West Depot
3511DRA,32086,West Depot
3510DRA,32087,East Depot
3543DRA,32088,West Depot
3361DRA,32089,East Depot
4362DRA,32090,West Depot
3509DRA,32091,East Depot
4018DRA,32092,West Depot
5135BRA,32093,West Depot
4019DRA,32094,West Depot
6303BRA,32095,West Depot
3441DRA,32096,West Depot
3442DRA,32097,West Depot
4029DRA,32098,West Depot
3837DRA,32099,West Depot
6177BRA,32100,East Depot
3820DRA,32101,West Depot
3513DRA,32102,West Depot
3429DRA,32103,East Depot
6175BRA,32104,East Depot
3817DRA,32105,West Depot
3508DRA,32106,West Depot
3427DRA,32107,East Depot
3426DRA,32108,East Depot
3413DRA,32109,West Depot
6174BRA,32110,West Depot
6302BRA,32111,East Depot
5133BRA,32112,East Depot
4028DRA,32113,West Depot
3414DRA,32114,West Depot
3832DRA,32115,East Depot
4027DRA,32116,East Depot
5132BRA,32117,East Depot
3774DRA,32118,East Depot
3440DRA,32119,West Depot
5134BRA,32120,West Depot
3428DRA,32121,East Depot
5347SRA,32122,West Depot
3819DRA,32123,East Depot
6141DRA,32124,West Depot
3430DRA,32125,East Depot
3821DRA,32126,West Depot
3507DRA,32127,East Depot
3833DRA,32128,West Depot
4286DRA,32129,East Depot
6176DRA,32130,West Depot
5333SRA,32131,West Depot
6409DRA,32132,West Depot
6177DRA,32133,East Depot
5308SRA,32134,East Depot
6217DRA,32135,West Depot
6255DRA,32136,West Depot
6257DRA,32137,West Depot
6429DRA,32138,East Depot
6014DRA,32139,East Depot
6427DRA,32140,East Depot
6178DRA,32141,East Depot
5127SRA,32142,West Depot
5332SRA,32143,West Depot
6430DRA,32144,West Depot
6408DRA,32145,East Depot
6256DRA,32146,East Depot
6407DRA,32147,West Depot
5146SRA,32148,West Depot
5138SRA,32149,East Depot
5330SRA,32150,West Depot
5149SRA,32151,East Depot
5486SRA,32152,East Depot
5309SRA,32153,West Depot
5491SRA,32154,East Depot
5485SRA,32155,East Depot
5307SRA,32156,East Depot
5471SRA,32157,East Depot
5129SRA,32158,East Depot
5493SRA,32159,East Depot
5490SRA,32160,East Depot
5348SRA,32161,East Depot
5487SRA,32162,East Depot
5104SRA,32163,West Depot
5334SRA,32164,East Depot
5145SRA,32165,West Depot
5285DRA,32166,West Depot
5329SRA,32167,East Depot
5349SRA,32168,East Depot
5488SRA,32169,West Depot
5298DRA,32170,East Depot
5310SRA,32171,East Depot
5321SRA,32172,West Depot
5306SRA,32173,West Depot
5492SRA,32174,West Depot
5150SRA,32175,West Depot
5331SRA,32176,West Depot
5128SRA,32177,West Depot
5489SRA,32178,West Depot
5350SRA,32179,East Depot
3727ERA,32180,East Depot
3278ERA,32181,West Depot
3293ERA,32182,West Depot
3055ERA,32183,East Depot
3290ERA,32184,West Depot
3295ERA,32185,East Depot
3296ERA,32186,East Depot
3728ERA,32187,East Depot
3272ERA,32188,East Depot
3277ERA,32189,East Depot
3231ERA,32190,East Depot
3248ERA,32191,East Depot
9201ERA,32192,East Depot
3998ERA,32193,East Depot
3250ERA,32194,West Depot
3983ERA,32195,East Depot
3474ERA,32196,East Depot
3966ERA,32197,West Depot
3099ERA,32198,East Depot
9821ERA,32199,East Depot
9840ERA,32200,East Depot
7718NRA,32201,West Depot
3982ERA,32202,East Depot
9336ERA,32203,East Depot
9820ERA,32204,East Depot
7458XJB,42000,East Depot
8042GDB,42001,West Depot
6142DRA,42002,West Depot
6120DRA,42003,East Depot
6423DRA,42004,East Depot
6119DRA,42005,West Depot
6118DRA,42006,West Depot
6422DRA,42007,East Depot
5297DRA,42008,West Depot
5112SRA,42009,West Depot
5136SRA,42010,East Depot
5106SRA,42011,West Depot
5111SRA,42012,West Depot
5311SRA,42013,East Depot
5107SRA,42014,West Depot
9337ERA,42015,East Depot
5124SRA,42016,East Depot
5336SRA,42017,East Depot
5126SRA,42018,East Depot
5472SRA,42019,East Depot
5494SRA,42020,West Depot
5305SRA,42021,East Depot
5142SRA,42022,East Depot
5495SRA,42023,East Depot
5108SRA,42024,East Depot
5335SRA,42025,West Depot
5109SRA,42026,East Depot
5125SRA,42027,East Depot
5110SRA,42028,West Depot
5325SRA,42029,East Depot
5317SRA,42030,West Depot
5326SRA,42031,East Depot
5327SRA,42032,West Depot
5344SRA,42033,West Depot
5320SRA,42034,East Depot
5345SRA,42035,West Depot
5316SRA,42036,East Depot
5346SRA,42037,East Depot
5328SRA,42038,East Depot
5250SRA,42039,East Depot
5152SRA,42040,East Depot
5353SRA,42041,West Depot
5153SRA,42042,West Depot
5355SRA,42043,West Depot
5473SRA,42044,West Depot
5141SRA,42045,West Depot
5357SRA,42046,West Depot
5356SRA,42047,West Depot
5388SRA,42048,West Depot
5446SRA,42049,East Depot
5415SRA,42050,East Depot
5416SRA,42051,East Depot
5154SRA,42052,East Depot
5249SRA,42053,West Depot
5414SRA,42054,West Depot
5445SRA,42055,West Depot
5413SRA,42056,West Depot
5365SRA,42057,West Depot
5354SRA,42058,East Depot
5155SRA,42059,East Depot
5389SRA,42060,West Depot
5447SRA,42061,West Depot
5448SRA,42062,East Depot
5444SRA,42063,West Depot
5412SRA,42064,West Depot
5390SRA,42065,West Depot
7059TRA,42066,West Depot
7461TRA,42067,West Depot
6094ERA,42068,West Depot
7458TRA,42069,West Depot
6809ERA,42070,West Depot
6361ERA,42071,East Depot
6302ERA,42072,West Depot
3678ERA,42073,East Depot
3929ERA,42074,West Depot
3054ERA,42075,East Depot
3643ERA,42076,East Depot
6186ERA,42077,East Depot
7055TRA,42078,East Depot
7051TRA,42079,East Depot
8134TRA,42080,East Depot
6097ERA,42081,East Depot
6287ERA,42082,East Depot
6357ERA,42083,West Depot
3837ERA,42084,East Depot
3673ERA,42085,East Depot
3677ERA,42086,East Depot
3676ERA,42087,West Depot
9341ERA,42088,West Depot
3641ERA,42089,West Depot
9339ERA,42090,East Depot
7053TRA,42091,West Depot
6841ERA,42092,East Depot
6286ERA,42093,East Depot
6808ERA,42094,East Depot
3719ERA,42095,West Depot
3835ERA,42096,East Depot
3348ERA,42097,West Depot
3838ERA,42098,East Depot
9340ERA,42099,East Depot
3642ERA,42100,East Depot
6170ERA,42101,East Depot
7489TRA,42102,East Depot
7057TRA,42103,East Depot
7487TRA,42104,East Depot
6096ERA,42105,East Depot
6360ERA,42106,East Depot
6359ERA,42107,East Depot
6305ERA,42108,East Depot
3842ERA,42109,East Depot
3273ERA,42110,West Depot
3651ERA,42111,East Depot
3636ERA,42112,West Depot
6172ERA,42113,West Depot
8145TRA,42114,East Depot
7488TRA,42115,East Depot
7455TRA,42116,West Depot
6843ERA,42117,West Depot
6304ERA,42118,East Depot
6369ERA,42119,West Depot
6301ERA,42120,East Depot
3718ERA,42121,East Depot
3840ERA,42122,West Depot
3274ERA,42123,West Depot
3839ERA,42124,East Depot
6188ERA,42125,West Depot
6169ERA,42126,West Depot
7058TRA,42127,West Depot
7480TRA,42128,West Depot
7054TRA,42129,East Depot
6371ERA,42130,East Depot
6370ERA,42131,West Depot
6098ERA,42132,East Depot
3675ERA,42133,West Depot
3841ERA,42134,West Depot
3834ERA,42135,East Depot
3292ERA,42136,West Depot
9338ERA,42137,East Depot
6190ERA,42138,East Depot
6064ERA,42139,East Depot
6078ERA,42140,West Depot
7490TRA,42141,East Depot
6303ERA,42142,East Depot
6374ERA,42143,East Depot
6093ERA,42144,East Depot
3734ERA,42145,East Depot
3733ERA,42146,East Depot
3255ERA,42147,East Depot
3626ERA,42148,East Depot
6671ERA,42149,East Depot
6079ERA,42150,West Depot
6306ERA,42151,East Depot
7056TRA,42152,East Depot
6842ERA,42153,East Depot
6806ERA,42154,West Depot
6834ERA,42155,West Depot
6835ERA,42156,East Depot
3679ERA,42157,East Depot
3254ERA,42158,West Depot
3291ERA,42159,East Depot
6171ERA,42160,East Depot
7052TRA,42161,East Depot
7486TRA,42162,West Depot
6844ERA,42163,West Depot
6095ERA,42164,East Depot
6811ERA,42165,East Depot
6358ERA,42166,West Depot
6649ERA,42167,East Depot
3735ERA,42168,West Depot
3310ERA,42169,West Depot
3349ERA,42170,East Depot
3672ERA,42171,West Depot
3633ERA,42172,East Depot
6187ERA,42173,West Depot
7479TRA,42174,East Depot
7459TRA,42175,East Depot
6307ERA,42176,West Depot
6099ERA,42177,East Depot
6830ERA,42178,East Depot
6117ERA,42179,East Depot
3836ERA,42180,East Depot
3674ERA,42181,West Depot
3276ERA,42182,West Depot
6189ERA,42183,East Depot
3634ERA,42184,East Depot
6092ERA,42185,East Depot
6648ERA,42186,East Depot
6807ERA,42187,West Depot
6810ERA,42188,West Depot
6285ERA,42189,East Depot
3256ERA,42190,West Depot
3680ERA,42191,East Depot
3294ERA,42192,West Depot
3053ERA,42193,East Depot
3275ERA,42194,West Depot
3635ERA,42195,East Depot
3347ERA,42196,East Depot
3335ERA,42197,West Depot
3333ERA,42198,West Depot
3331ERA,42199,East Depot
3332ERA,42200,West Depot
3313ERA,42201,East Depot
3307ERA,42202,West Depot
3311ERA,42203,East Depot
3330ERA,42204,East Depot
3312ERA,42205,West Depot
3344ERA,42206,West Depot
3334ERA,42207,West Depot
3475ERA,42208,West Depot
3216ERA,42209,West Depot
3233ERA,42210,West Depot
3401ERA,42211,West Depot
3476ERA,42212,West Depot
3213ERA,42213,West Depot
3489ERA,42214,East Depot
3427ERA,42215,West Depot
3345ERA,42216,East Depot
3232ERA,42217,East Depot
3426ERA,42218,East Depot
3217ERA,42219,West Depot
3490ERA,42220,West Depot
3249ERA,42221,West Depot
3917ERA,42222,East Depot
3918ERA,42223,West Depot
3308ERA,42224,West Depot
3730ERA,42225,West Depot
3218ERA,42226,West Depot
3309ERA,42227,East Depot
3234ERA,42228,West Depot
3219ERA,42229,East Depot
3491ERA,42230,West Depot
3215ERA,42231,West Depot
3346ERA,42232,West Depot
3214ERA,42233,West Depot
3230ERA,42234,West Depot
3235ERA,42235,East Depot
3997ERA,42236,West Depot
3084ERA,42237,East Depot
3756ERA,42238,East Depot
3996ERA,42239,West Depot
3778ERA,42240,East Depot
3953ERA,42241,East Depot
3951ERA,42242,West Depot
3092ERA,42243,East Depot
3766ERA,42244,West Depot
3069ERA,42245,West Depot
3758ERA,42246,East Depot
3079ERA,42247,West Depot
3779ERA,42248,East Depot
3782ERA,42249,West Depot
3763ERA,42250,East Depot
3970ERA,42251,East Depot
3968ERA,42252,West Depot
3070ERA,42253,East Depot
3764ERA,42254,East Depot
3965ERA,42255,West Depot
3954ERA,42256,East Depot
3757ERA,42257,East Depot
3981ERA,42258,East Depot
3096ERA,42259,West Depot
3952ERA,42260,East Depot
3071ERA,42261,East Depot
3780ERA,42262,East Depot
3781ERA,42263,East Depot
3986ERA,42264,West Depot
3969ERA,42265,East Depot
3967ERA,42266,East Depot
3754ERA,42267,East Depot
3095ERA,42268,East Depot
3072ERA,42269,East Depot
3093ERA,42270,East Depot
3765ERA,42271,East Depot
3755ERA,42272,West Depot
3926ERA,42273,East Depot
3073ERA,42274,West Depot
3085ERA,42275,West Depot
3874ERA,42276,East Depot
3317ERA,42277,East Depot
3316ERA,42278,East Depot
3873ERA,42279,East Depot
3336ERA,42280,East Depot
3872ERA,42281,East Depot
3314ERA,42282,East Depot
3315ERA,42283,West Depot
3717ERA,42284,West Depot
3715ERA,42285,East Depot
3716ERA,42286,East Depot
3253ERA,42287,East Depot
3731ERA,42288,East Depot
3252ERA,42289,East Depot
3732ERA,42290,East Depot
3705ERA,42291,East Depot
3714ERA,42292,East Depot
3725ERA,42293,West Depot
3704ERA,42294,East Depot
3713ERA,42295,West Depot
9825ERA,42296,West Depot
3668ERA,42297,West Depot
3251ERA,42298,East Depot
3669ERA,42299,West Depot
3703ERA,42300,East Depot
9826ERA,42301,East Depot
3702ERA,42302,East Depot
3056ERA,42303,East Depot
3297ERA,42304,East Depot
3271ERA,42305,West Depot
9827ERA,42306,East Depot
9202ERA,42307,East Depot
3706ERA,42308,East Depot
3707ERA,42309,East Depot
3708ERA,42310,East Depot
3350ERA,42311,East Depot
3851ERA,42312,East Depot
3871ERA,42313,East Depot
3798ERA,42314,West Depot
3924ERA,42315,East Depot
3473ERA,42316,East Depot
7000ERA,42317,East Depot
3777ERA,42318,West Depot
3472ERA,42319,East Depot
3488ERA,42320,West Depot
3922ERA,42321,East Depot
3789ERA,42322,East Depot
3799ERA,42323,West Depot
3791ERA,42324,East Depot
3800ERA,42325,West Depot
3792ERA,42326,West Depot
3790ERA,42327,East Depot
3925ERA,42328,East Depot
3901ERA,42329,West Depot
3797ERA,42330,East Depot
7717NRA,42331,East Depot
7714NRA,42332,East Depot
8466NRA,42333,West Depot
7556NRA,42334,West Depot
7726NRA,42335,East Depot
7559NRA,42336,West Depot
8830NRA,42337,East Depot
7558NRA,42338,West Depot
8470NRA,42339,East Depot
7557NRA,42340,East Depot
7643NRA,42341,East Depot
7551NRA,42342,West Depot
8468NRA,42343,West Depot
7976NRA,42344,East Depot
7640NRA,42345,West Depot
7720NRA,42346,West Depot
7715NRA,42347,East Depot
8829NRA,42348,East Depot
8469NRA,42349,East Depot
7642NRA,42350,West Depot
7977NRA,42351,West Depot
7525NRA,42352,East Depot
7763NRA,42353,West Depot
8827NRA,42354,East Depot
7978NRA,42355,East Depot
7524NRA,42356,East Depot
8831NRA,42357,West Depot
7644NRA,42358,West Depot
7526NRA,42359,East Depot
7561NRA,42360,West Depot
8464NRA,42361,East Depot
7975NRA,42362,West Depot
8805NRA,42363,East Depot
8802NRA,42364,East Depot
8575NRA,42365,West Depot
8570NRA,42366,West Depot
8306NRA,42367,West Depot
8574NRA,42368,West Depot
7553NRA,42369,West Depot
7554NRA,42370,West Depot
8463NRA,42371,West Depot
8572NRA,42372,East Depot
8801NRA,42373,East Depot
7727NRA,42374,East Depot
7728NRA,42375,West Depot
8467NRA,42376,West Depot
8806NRA,42377,West Depot
8828NRA,42378,East Depot
8571NRA,42379,West Depot
8567NRA,42380,East Depot
8568NRA,42381,West Depot
7552NRA,42382,West Depot
8465NRA,42383,West Depot
7725NRA,42384,West Depot
7560NRA,42385,East Depot
8573NRA,42386,West Depot
8497NRA,42387,West Depot
7719NRA,42388,West Depot
8305NRA,42389,West Depot
8569NRA,42390,East Depot
8804NRA,42391,East Depot
8803NRA,42392,West Depot
8576NRA,42393,East Depot
7555NRA,42394,East Depot
7641NRA,42395,East Depot
7716NRA,42396,East Depot
5218TTD,101,FM
5219TTD,102,Paul- ED OPS Manager
5221TTD,103,Ricardo Baia - WD OPS Manager
5223TTD,104,NETWORK TEAM
5632SED,105,OPS service 
5633SED,106,OPS service 
5764VED,107,FM
5765VED,108,HR
4540HRB,109,FM
7005HRB,110,COLLECTION TEAM MKTG
7006HRB,111,COLLECTION TEAM MKTG
7018HRB,112,FM
7226RRD,113, OPS service
7229RRD,114,HR
7233RRD,115,Ops Training
1882XXB,116,COLLECTION TEAM MKTG
1884XXB,117,COLLECTION TEAM MKTG
1895XXB,118,COLLECTION TEAM MKTG
1915XXB,119,COLLECTION TEAM MKTG
1912XXB,120,ENG
1914XXB,121,ENG
2678RTB,122,FIELD OPS 
2679RTB,123,FIELD OPS 
2680RTB,124,FIELD OPS 
2681RTB,125,FIELD OPS 
2682RTB,126,FIELD OPS 
2683RTB,127,FIELD OPS 
2808HRB,401,MOBILE WORKSHOP ENG
2842HRB,402,MOBILE WORKSHOP ENG
5262AXB,403,MOBILE BOXED WORKSHOP ENG 
4730ZSA,501,TOW TRUCK ENG
2044AXB,501,TOW TRUCK ENG
